Event Name,Category,Date,End Date
Videographer Shot List,Marketing Brief,2023-05-29,2023-05-31
Pride Month at the JCCs,Marketing Brief,2023-06-01,2023-06-30
Create Google Drive or OneDrive location for Daycare staff to upload photos/videos,Marketing Brief,2023-06-05,2023-06-05
Summer Campaign Launch,Marketing Brief,2023-06-06,2023-06-09
ShinShinim Host Families,Eblast,2023-06-06,2023-06-06
Summer Fitness SRC,Eblast,2023-06-07,2023-06-07
Treading Water with a Brick Challenge (PJCC),Eblast,2023-06-08,2023-06-08
Cal to connect with Shinshinim for updated individuals & run through to create stickers in Midjourney/ AI generation,Marketing Brief,2023-06-09,2023-06-09
1140795858: Marketing Brief | E-blast,Eblast,2023-06-13,2023-06-13
End of Year Wrap Up Photos,Marketing Brief,2023-06-13,2023-06-13
Farewell Naama Yaacov,Marketing Brief,2023-06-13,2023-06-13
JCC Sports House League Hockey - Eblast,Eblast,2023-06-14,2023-06-14
JCC Sports House League Hockey Registration | Monitors,Marketing Brief,2023-06-15,2023-06-15
Spikeball Tournament PJCC,Eblast,2023-06-16,2023-06-16
Pool Opening Push,Marketing Brief,2023-06-17,2023-06-24
J Golf Classic | Extension & Dedicated Email,Marketing Brief,2023-06-19,2023-06-19
1143256270: Marketing Brief | E-blast,Eblast,2023-06-21,2023-06-21
25 meter sprint challenge | Aquatics PJCC,Eblast,2023-06-22,2023-06-22
New Personal Trainer,Eblast,2023-06-28,2023-06-28
Engagement Calendar: Deadlift Challenge,Eblast,2023-06-28,2023-06-28
Mitzvah Club Pull Down Banners,Marketing Brief,2023-07-03,2023-07-03
Small Group Boxing Summer Session,Marketing Brief,2023-07-03,2023-07-03
Aquatics Scheldule Board | Summer Pool Schedule,Marketing Brief,2023-07-04,2023-07-04
PJCC Member Office Monitor Update,Marketing Brief,2023-07-04,2023-07-04
PJCC Member Office Monitor Update,Eblast,2023-07-04,2023-07-04
Summer PT Promo,Marketing Brief,2023-07-05,2023-07-19
Duplicate Bridge drop in program,Eblast,2023-07-07,2023-07-07
JCC Sports Israel/ Ft Lauderdale Social Posts,Marketing Brief,2023-07-10,2023-07-10
JRoots Bar Mitzvah Program,Eblast,2023-07-11,2023-07-11
PJCC Supplementary School July 11,Eblast,2023-07-11,2023-07-11
Supplementary Hebrew School | E-blast,Eblast,2023-07-11,2023-07-11
JRoots PJCC Bar/Bat Mitzvah,Eblast,2023-07-11,2023-07-11
1153311086: Marketing Brief | E-blast,Eblast,2023-07-12,2023-07-12
JCC Charity Golf Classic Sponsorship Sheet,Marketing Brief,2023-07-17,2023-07-17
Children Teens and Families Program Promotion,Marketing Brief,2023-07-19,2023-07-19
A Little Bit LIVE! Social + Flyer,Marketing Brief,2023-07-19,2023-07-20
Burpee Challenge - Engagement Calendar Promotion,Eblast,2023-07-19,2023-07-19
Iyengar Yoga - Fitness E-Blast,Eblast,2023-07-19,2023-07-19
Burpee Challenge July 19,Eblast,2023-07-19,2023-07-19
A Little Bit LIVE! - A Musical Theatre Concert Experience for Kids,Eblast,2023-07-20,2023-07-20
Branded Daycare Documents,Marketing Brief,2023-07-21,2023-07-21
Learn to Play Pickleball July 21,Eblast,2023-07-21,2023-07-21
Thumbnails/Marketing Images for Programs,Marketing Brief,2023-07-25,2023-07-25
JRoots PJCC - Older Beginners,Eblast,2023-07-25,2023-07-25
JRoots PJCC Bar/bat Mitzvah,Eblast,2023-07-25,2023-07-25
Bench Press Challenge: Marketing Brief | E-blast,Eblast,2023-07-27,2023-07-27
Summer Aquatics Push,Marketing Brief,2023-07-31,2023-07-31
Snap Frames SRC membership,Marketing Brief,2023-08-01,2023-08-01
Fall Campaign: Swim + fitness,Marketing Brief,2023-08-01,2023-08-01
Fitness PJCC | August Brief,Eblast,2023-08-02,2023-08-02
Fitness SRC | Sprout Sports Outdoor Soccer,Eblast,2023-08-02,2023-08-02
Day Trip Promotion | E-blast,Eblast,2023-08-03,2023-08-03
JCC Warriors Fall House League Basketball Early Bird Reg,Eblast,2023-08-03,2023-08-03
Mitzvah Club Member Spotlight Video,Marketing Brief,2023-08-03,2023-11-30
JRoots PJCC - Older Beginners,Eblast,2023-08-08,2023-08-08
JRoots PJCC Bar/Bat Mitzvah,Eblast,2023-08-08,2023-08-08
JCC Warriors REP Basketball Tryouts | Eblast,Eblast,2023-08-08,2023-08-08
Fall Program Promo E-Blast SRC Fitness,Eblast,2023-08-09,2023-08-09
AED signs,Marketing Brief,2023-08-15,2023-08-31
Centre Camp Thank You Cards,Marketing Brief,2023-08-15,2023-08-15
Baby Steps Flier - Email confirmation to remove,Marketing Brief,2023-08-16,2023-08-16
Kachol Lavan BBM Facebook Hebrew,Marketing Brief,2023-08-17,2023-08-17
Group Personal Training: Marketing Brief | Campaign,Marketing Brief,2023-08-17,2023-08-17
Kachol Lavan Facebook Hebrew,Marketing Brief,2023-08-17,2023-08-17
PJCC & SRC Fit Start Dedicated Emails,Marketing Brief,2023-08-21,2023-08-21
Dash for Kids Postcard,Marketing Brief,2023-08-21,2023-08-21
J Golf Classic Few spots left: Marketing Brief | E-blast,Eblast,2023-08-21,2023-08-21
JRoots PJCC Older Beginners,Eblast,2023-08-22,2023-08-22
JRoots PJCC Bar/Bat Mitzvah,Eblast,2023-08-22,2023-08-22
SRC Fitness Program Email - Aug 23,Eblast,2023-08-23,2023-08-23
ShinShinim Legacy Project | Eisenberg's,Marketing Brief,2023-08-25,2023-08-25
JCC Warriors REP Basketball Tryoutsm | Socials,Marketing Brief,2023-08-28,2023-08-28
SRC Fitness Specific - Aug 30,Eblast,2023-08-30,2023-08-30
Fitness Month Email Content,Eblast,2023-08-31,2023-08-31
JCC Gift Certificates for Stav,Marketing Brief,2023-09-01,2023-09-05
Fall Programs - Jennifer Appleby,Eblast,2023-09-01,2023-09-01
1189163342: Marketing Brief | E-blast,Eblast,2023-09-01,2023-09-01
Faraaz the Fascia Stretch Therapy Practitioner,Eblast,2023-09-01,2023-09-01
JCC Mission/Vision Decals,Marketing Brief,2023-09-01,2023-10-02
PJCC Non-Competitive Swim Team Launch,Marketing Brief,2023-09-04,2023-12-04
JRoots PJCC Bar/Bat Mitzvah,Eblast,2023-09-05,2023-09-05
Branded 'Program Guide'/Listing - Programs SRC,Marketing Brief,2023-09-06,2023-09-06
UJA 2023 Campaign Launch,Eblast,2023-09-07,2023-09-07
Laughs at the J - Jews on the Roof 2023-09-10,Eblast,2023-09-08,2023-09-08
1200959252: Marketing Brief | E-blast,Eblast,2023-09-08,2023-09-08
Supplementary Schools - Kachol Lavan Aleph Bet Poster,Marketing Brief,2023-09-11,2023-09-11
Jennifer Appleby - Program Promotions,Eblast,2023-09-11,2023-09-11
Fascia Stretch Therapy with Faraaz l SRC Nick,Eblast,2023-09-12,2023-09-12
"Programs, Arts & Culture For Aug 31",Eblast,2023-09-12,2023-09-12
"JCC Community Corner - Development Sponsor: A-Frame, Email Segment, 20-Sec Ads",Marketing Brief,2023-09-12,2023-09-12
Arts & Culture Programs/Events | E-blast | Sept 7,Eblast,2023-09-12,2023-09-12
SRC Fitness,Eblast,2023-09-13,2023-09-13
Group Personal Training at PJCC,Eblast,2023-09-19,2023-09-19
JCC Sports - Maccabi,Marketing Brief,2023-09-20,2023-09-20
J Chef live at the JCC with Jake Cohen | Monitors + Social,Marketing Brief,2023-09-20,2023-09-20
Jake Cohen | Arts & Culture Eblast,Eblast,2023-09-20,2023-09-20
Thank you email to attendees of Jake Cohen,Marketing Brief,2023-09-21,2023-09-21
JCC Maccabi 2024  Tryouts E-blast,Eblast,2023-09-25,2023-09-25
Kids Karate Fall Session Promotion,Marketing Brief,2023-09-26,2023-09-26
Group Training Program l SRC Nick,Eblast,2023-09-26,2023-09-26
Fitness Program Email,Eblast,2023-09-26,2023-09-26
Water Babies - Missed Revenue from Partner,Marketing Brief,2023-09-27,2023-10-02
Program Team Eblast - 2023-09-28,Eblast,2023-09-27,2023-09-27
Fitness Outdoor Obstacle Course- PJCC,Eblast,2023-09-27,2023-09-27
Member Engagement: J[CC] Super Heroes,Eblast,2023-09-29,2023-09-29
GPT EVO - SRC Fitness,Eblast,2023-10-02,2023-10-02
Mitzvah Club Video Update,Marketing Brief,2023-10-02,2023-10-09
SRC TV Monitor: JRoots Bar Mitzvah Program,Marketing Brief,2023-10-02,2023-10-02
JRoots Preschool-Grade 6 TV monitor,Marketing Brief,2023-10-02,2023-10-02
KL(Kachol Lavan) BBM (B'nai Mitzvah) Monitor in Hebrew,Marketing Brief,2023-10-02,2023-10-02
Member Engagement J[CC] Service Hero,Marketing Brief,2023-10-02,2023-10-02
PJCC Supplementary Hebrew Schools Dedicated Email,Marketing Brief,2023-10-02,2023-10-02
PJCC Supplementary School Monitors,Marketing Brief,2023-10-02,2023-10-02
SRC Kachol Lavan - Hebrew Monitors,Marketing Brief,2023-10-02,2023-10-02
SRC Monitor: JRoots Bat Mitzvah Program,Marketing Brief,2023-10-02,2023-10-02
SRC Supplementary Hebrew Schools Dedicated Email,Marketing Brief,2023-10-02,2023-10-02
Supplementary School SRC JRoots Bar and Bat Mitzvah Programs,Marketing Brief,2023-10-02,2023-10-02
Supplementary School,Marketing Brief,2023-10-02,2023-10-02
1220914208: Marketing Brief | E-blast,Eblast,2023-10-03,2023-10-03
Supplementary School PJCC Bar /Bat Mitzvah Program,Marketing Brief,2023-10-03,2023-10-03
PJCC Monitor: JRoots Bar/Bat Mitzvah Program,Marketing Brief,2023-10-03,2023-10-03
Supplementary Schools Paid Social Advertising,Marketing Brief,2023-10-03,2023-10-03
PJCC Restore + Recharge Yoga Event,Eblast,2023-10-04,2023-10-04
Guest Services Desk - Free Cake & Coffee,Marketing Brief,2023-10-04,2023-10-04
2nd Anniversary - Cathy,Eblast,2023-10-04,2023-10-04
1226011208: Marketing Brief | E-blast,Eblast,2023-10-06,2023-10-06
Mitzah Club Reorder,Marketing Brief,2023-10-06,2023-10-09
SRC The JCC Presents Lecture Series | Flyer & Dedicated Email,Marketing Brief,2023-10-10,2023-10-10
1223048548: Marketing Brief | E-blast,Eblast,2023-10-10,2023-10-10
Mental Health Empowerment - A&C Email 09/21,Eblast,2023-10-11,2023-10-11
Staff Awards in new Branding I Jaime,Marketing Brief,2023-10-11,2023-10-11
1230831931: Marketing Brief | Campaign,Marketing Brief,2023-10-12,2023-10-16
PJCC The JCC Presents Lecture Series | Flyer & Dedicated Email,Marketing Brief,2023-10-12,2023-10-12
New Member Nosh for Eblast,Eblast,2023-10-13,2023-10-13
Aquatics Updates | Update website,Marketing Brief,2023-10-16,2023-10-16
J Tunes Fall 2023 | Flyer and Monitors,Marketing Brief,2023-10-16,2023-10-16
New Member Nosh - PJCC+SRC,Marketing Brief,2023-10-16,2023-10-16
JCC Warriors Fall Development Academy Basketball Program - Dedicated Email & Monitors copy,Eblast,2023-10-17,2023-10-17
JCC Warriors Fall Development Academy Basketball Program - Dedicated Email & Monitors,Marketing Brief,2023-10-17,2023-10-17
J Chefs: Adeena Sussman moderated by Bonnie Stern,Marketing Brief,2023-10-19,2023-10-19
J Chefs: Adeena Sussman moderated by Bonnie Stern,Eblast,2023-10-19,2023-10-19
1233567311: Marketing Brief | Campaign,Marketing Brief,2023-10-23,2023-10-23
CN Tower Social Post I Jess L.,Marketing Brief,2023-10-23,2023-10-23
Evening Cycle Classes,Eblast,2023-10-24,2023-10-24
Film Bites Fall 2023 | Flyers and Monitors,Marketing Brief,2023-10-25,2023-10-25
1235649575: Marketing Brief | E-blast,Eblast,2023-10-25,2023-10-25
SRC Decal | Fitness Ruled Jump Marking - Alexis,Marketing Brief,2023-10-27,2023-11-15
Community Corner: Lions Club Monitor,Marketing Brief,2023-10-30,2023-11-13
Testimonial for Hamideh,Eblast,2023-10-31,2023-10-31
JCC Rebrand Inventory,Marketing Brief,2023-10-31,2023-10-31
Positive Aging I Andrea,Marketing Brief,2023-10-31,2023-10-31
Centre Camp Registration is Open,Eblast,2023-10-31,2023-10-31
GPT at PJCC - Sign up for the last 5-weeks,Eblast,2023-10-31,2023-10-31
Mifgash Landing Page,Marketing Brief,2023-10-31,2023-11-07
Aquatics Banner I PJCC Daniil,Marketing Brief,2023-11-01,2023-11-01
Jewish Schmucks Social Media,Marketing Brief,2023-11-06,2023-11-09
Local Israeli Respite and Relief Initiative (JCC Digital Screen Promotion),Marketing Brief,2023-11-07,2023-11-24
PJCC Group Ex Lift Class,Eblast,2023-11-07,2023-11-07
PJCC Fitness New Class Alert: Vinyasa Yoga Tuesdays at 7:15am,Eblast,2023-11-07,2023-11-07
1241965055: Marketing Brief | E-blast,Eblast,2023-11-07,2023-11-07
JCC Sports Maccabi Tryouts,Eblast,2023-11-08,2023-11-08
1245236578: Marketing Brief | E-blast,Eblast,2023-11-09,2023-11-09
1245311801: Marketing Brief | E-blast,Eblast,2023-11-10,2023-11-10
Laughs at the J: Jewish Schmucks,Eblast,2023-11-10,2023-11-10
JCC Sports | Warriors Accomplishment Banners,Marketing Brief,2023-11-13,2023-12-01
PJCC Fitness | Andrey UD Sanchez,Eblast,2023-11-14,2023-11-14
Community Corner: Forest Hill Lions Club,Eblast,2023-11-14,2023-11-14
PJCC End of Session Aquatics Email w/ Survey,Marketing Brief,2023-11-16,2023-11-21
1251652443: Marketing Brief | E-blast,Eblast,2023-11-16,2023-11-16
Local Israeli Respite and Relief Initiative (Information Cards),Marketing Brief,2023-11-17,2023-12-18
PJCC Sweat & Sculpt Event,Eblast,2023-11-17,2023-11-17
SRC | Golf Simulator,Eblast,2023-11-20,2023-11-20
SRC Golf Simulator | Need More Info,Marketing Brief,2023-11-20,2023-11-20
PJCC Add Waterbabies to Aquatics Lessons Landing,Marketing Brief,2023-11-21,2023-11-21
SRC Aquatics | Video & Landing Page Updates,Marketing Brief,2023-11-21,2023-11-21
1253433916: Marketing Brief | E-blast,Eblast,2023-11-22,2023-11-22
Fitness/Aquatics Winter Session/Campaign,Marketing Brief,2023-11-22,2023-11-22
1252387407: Marketing Brief | E-blast,Eblast,2023-11-22,2023-11-22
1253433782: Marketing Brief | E-blast,Eblast,2023-11-22,2023-11-22
Film Bites | Andwerso on 22 Nov,Eblast,2023-11-22,2023-11-22
Holiday Raffle | No measurable KPIs needs adjustment,Marketing Brief,2023-11-23,2023-11-23
PJCC Aquatic Program Brochure - Review Copy,Marketing Brief,2023-11-24,2023-11-24
Branded Schedules | Baby Steps Winter 2024,Marketing Brief,2023-11-27,2023-11-27
Baby Steps Logo Decal - Will provide JCC Logo,Marketing Brief,2023-11-27,2023-11-27
Large Size Permanent Changeroom Signage *Instru,Marketing Brief,2023-11-28,2024-01-15
#LightUpTheNightContest,Marketing Brief,2023-11-28,2023-11-29
1256026501: Marketing Brief | E-blast,Eblast,2023-11-29,2023-11-29
1252464671: Marketing Brief | E-blast,Eblast,2023-11-29,2023-11-29
Update Brand Assets with Max for Membership to Order Reels/Lanyards,Marketing Brief,2023-11-30,2023-12-01
1256486084: Marketing Brief | E-blast,Eblast,2023-11-30,2023-11-30
New group Ex Schedule,Marketing Brief,2023-11-30,2023-11-30
We Want You Back Campaign | Membership,Marketing Brief,2023-12-01,2023-12-01
1255489975: Marketing Brief | E-blast,Eblast,2023-12-04,2023-12-04
Schwartz/Reisman Centre and Prosserman JCC Annual General Meeting 2023,Marketing Brief,2023-12-04,2023-12-04
"Israeli Respite and Relief Initiative ""Ask Me"" Buttons",Marketing Brief,2023-12-04,2023-12-15
(Annual) Dec Holiday Promo Personal Training,Marketing Brief,2023-12-04,2023-12-04
1259864755: Marketing Brief | E-blast,Marketing Brief,2023-12-05,2023-12-05
1258279400: Marketing Brief | E-blast,Marketing Brief,2023-12-05,2023-12-05
PJCC Fitness & Aquatics Winter Activations,Marketing Brief,2023-12-05,2023-12-05
December PT promo,Eblast,2023-12-06,2023-12-06
1263303865: Marketing Brief | Campaign,Marketing Brief,2023-12-06,2023-12-08
Fed Dev 2/3,Marketing Brief,2023-12-07,2023-12-08
1263846834: Marketing Brief | Campaign,Marketing Brief,2023-12-07,2023-12-08
1252416671: Marketing Brief | E-blast,Eblast,2023-12-08,2023-12-08
Updated Business cards - blanks,Marketing Brief,2023-12-11,2023-12-11
Rational Awareness & Irrational Fears,Marketing Brief,2023-12-11,2023-12-11
Certificates for All Star Event Winners,Marketing Brief,2023-12-13,2023-12-13
1264428213: Marketing Brief | Weekly E-blast,Eblast,2023-12-13,2023-12-13
1262526979: Marketing Brief | E-blast,Eblast,2023-12-13,2023-12-13
1258152488: Marketing Brief | E-blast,Eblast,2023-12-13,2023-12-13
1258172457: Marketing Brief | E-blast,Eblast,2023-12-13,2023-12-13
1260566810: Marketing Brief | Campaign,Marketing Brief,2023-12-14,2023-12-19
JCC Community Campaign,Marketing Brief,2023-12-15,2023-12-15
Family Swim Day at the J - Complimentary Assessments,Marketing Brief,2023-12-18,2023-12-18
1265350526: Marketing Brief | Weekly E-blast,Eblast,2023-12-18,2023-12-18
1270105799: Marketing Brief | Weekly E-blast,Eblast,2023-12-19,2023-12-19
1267883632: Marketing Brief | Weekly E-blast,Eblast,2023-12-19,2023-12-19
1263721993: Marketing Brief | Campaign,Marketing Brief,2023-12-19,2023-12-19
GPT 2.0 Launch,Marketing Brief,2023-12-19,2023-12-19
1270899752: Marketing Brief | Campaign,Marketing Brief,2023-12-20,2024-01-03
1265562558: Marketing Brief | Weekly E-blast,Eblast,2023-12-20,2023-12-20
Group Personal Training Dedicated Email,Marketing Brief,2023-12-20,2023-12-20
1260495769: Marketing Brief | E-blast,Eblast,2023-12-22,2023-12-22
1265512877: Marketing Brief | Weekly E-blast,Eblast,2023-12-25,2023-12-25
1265568122: Marketing Brief | Weekly E-blast,Eblast,2023-12-27,2023-12-27
1270801267: Marketing Brief | Weekly E-blast,Eblast,2023-12-27,2023-12-27
1273452608: New Towel Cards,Marketing Brief,2023-12-27,2024-01-31
1274216648: Marketing Brief | Campaign,Marketing Brief,2023-12-29,2024-01-31
1272863603: Marketing Brief | Weekly E-blast,Eblast,2024-01-01,2024-01-01
1274323674: Marketing Brief | Weekly E-blast,Eblast,2024-01-01,2024-01-01
1274323749: Marketing Brief | Weekly E-blast,Eblast,2024-01-01,2024-01-01
1274323819: Marketing Brief | Weekly E-blast,Eblast,2024-01-01,2024-01-01
2024 Fitness Bingo Challenge,Marketing Brief,2024-01-01,2024-01-01
2024 Fitness bingo challenge,Eblast,2024-01-01,2024-01-01
Comedy Unplugged - JCC x Magen Group Sponsorship Deck,Marketing Brief,2024-01-01,2024-01-01
J-Fit: Teen Training and Parent-Child Training Winter Session |,Marketing Brief,2024-01-01,2024-01-01
PJCC Boxing Winter Session,Marketing Brief,2024-01-01,2024-01-01
PJCC Karate Winter Session - Adult Session Launch,Marketing Brief,2024-01-01,2024-01-01
Remove of UJA Emergency Campaign Ad from all JCC Screens,Marketing Brief,2024-01-01,2024-01-01
"PJCC Parkinson's Boxing Winter Program | Social Requests, Infographic",Marketing Brief,2024-01-01,2024-01-01
App Download QR Code poster for the Front Desk,Marketing Brief,2024-01-01,2024-01-31
"PJCC Pickleball - Requests to Kit, Photoshoot to Capture Dave Katz",Marketing Brief,2024-01-01,2024-01-01
1265572081: Marketing Brief | Weekly E-blast,Eblast,2024-01-03,2024-01-03
1275719508: Marketing Brief | General Use Card Update - Marketing Brief 2 of 2,Marketing Brief,2024-01-03,2024-01-15
"1275708084: Marketing Brief | ""Thank You"" Card Update - Marketing Brief 1 of 2",Marketing Brief,2024-01-03,2024-01-15
"Update SRC aquatics: landing, junior lifeguard",Marketing Brief,2024-01-04,2024-01-04
1274113939: Marketing Brief | Campaign,Marketing Brief,2024-01-05,2024-01-05
1276917799: Marketing Brief | Weekly E-blast,Eblast,2024-01-08,2024-01-08
1270299930: Marketing Brief | Weekly E-blast,Eblast,2024-01-08,2024-01-08
1270302192: Marketing Brief | Weekly E-blast,Eblast,2024-01-08,2024-01-08
PJCC Aquatics | Master Swim Lane Sign,Marketing Brief,2024-01-08,2024-01-08
PJCC Aquatics Hall - Repeat,Marketing Brief,2024-01-08,2024-01-08
1278554006: FitStarts/Fascia Stretch,Marketing Brief,2024-01-08,2024-01-15
1279313088: Marketing Brief | Mitzvah Club invitation to new members,Marketing Brief,2024-01-09,2024-01-17
1279466912: Marketing Brief | Campaign,Marketing Brief,2024-01-09,2024-01-15
1266799317: Marketing Brief | Weekly E-blast,Eblast,2024-01-09,2024-01-09
1266806149: Marketing Brief | Weekly E-blast,Eblast,2024-01-09,2024-01-09
1274829743: Marketing Brief | Weekly E-blast,Eblast,2024-01-09,2024-01-09
1280362166: Marketing Brief | JCC Sports Winter/Spring House League Basketball Registration is Open,Marketing Brief,2024-01-10,2024-01-15
1280357605: Marketing Brief | Weekly E-blast,Eblast,2024-01-10,2024-01-10
1277305960: Fit Start PJCC?,Marketing Brief,2024-01-10,2024-01-10
Entertainment Unplugged - bring etapestry onto website events pages,Marketing Brief,2024-01-10,2024-01-10
1274828511: Marketing Brief | Weekly E-blast,Eblast,2024-01-11,2024-01-11
1276880680: Marketing Brief | Weekly E-blast,Eblast,2024-01-12,2024-01-12
1273422014: Marketing Brief | Weekly E-blast,Marketing Brief,2024-01-12,2024-01-12
1276893029: Marketing Brief | Weekly E-blast,Eblast,2024-01-12,2024-01-12
1274323972: Marketing Brief | Weekly E-blast,Eblast,2024-01-12,2024-01-12
1278452598: Marketing Brief | Weekly E-blast,Eblast,2024-01-12,2024-01-12
1265469944: Marketing Brief | Weekly E-blast,Eblast,2024-01-15,2024-01-15
1282893629: Flyer - Business Development,Marketing Brief,2024-01-15,2024-01-29
1278562938: SRC GPT,Marketing Brief,2024-01-15,2024-01-15
1278454794: Marketing Brief | Weekly E-blast,Eblast,2024-01-15,2024-01-15
1273873577: Marketing Brief | Weekly E-blast,Eblast,2024-01-16,2024-01-16
1283450311: Centre Camp Staff Campaign,Marketing Brief,2024-01-16,2024-02-06
1272131820: Marketing Brief | Weekly E-blast,Eblast,2024-01-16,2024-01-16
1273872093: Marketing Brief | Weekly E-blast,Eblast,2024-01-16,2024-01-16
"1279132754: Marketing Brief | Feast with Leah Koenig Moderated by Rose Reisman Social, dedicated email",Marketing Brief,2024-01-16,2024-01-16
1283627170: Marketing Brief | Centre Camp Registration/35th Anniversary,Marketing Brief,2024-01-16,2024-02-06
Art Classes for Teens at the JCC,Eblast,2024-01-17,2024-01-17
1275538963: Marketing Brief | Weekly E-blast,Eblast,2024-01-17,2024-01-17
1282020266: Marketing Brief | Weekly E-blast,Eblast,2024-01-17,2024-01-17
1284272923: Marketing Brief | Weekly E-blast,Eblast,2024-01-17,2024-01-17
Bounce & Burn launch,Marketing Brief,2024-01-17,2024-01-17
Social media post: Power Gay with Daniel-Ryan Spaulding,Marketing Brief,2024-01-18,2024-01-18
1279455641: Marketing Brief | Family Tu Bi'Shevat Program social,Marketing Brief,2024-01-18,2024-01-18
1285209163: Marketing Brief | Weekly E-blast,Eblast,2024-01-18,2024-01-18
1270804642: Marketing Brief | Weekly E-blast,Eblast,2024-01-19,2024-01-19
1287347044: Marketing Brief | Campaign,Marketing Brief,2024-01-22,2024-02-05
1286046429: Envelopes,Marketing Brief,2024-01-22,2024-01-29
1286147742: Marketing Brief | Campaign,Marketing Brief,2024-01-22,2024-01-22
1285116459: Marketing Brief | Weekly E-blast,Eblast,2024-01-22,2024-01-22
1283479125: Marketing Brief | Weekly E-blast,Eblast,2024-01-23,2024-01-23
1276550710: Marketing Brief | Weekly E-blast,Eblast,2024-01-23,2024-01-23
1286432868: Marketing Brief | Weekly E-blast,Eblast,2024-01-23,2024-01-23
1286432895: Marketing Brief | Weekly E-blast,Eblast,2024-01-23,2024-01-23
1278414632: Marketing Brief | Weekly E-blast,Eblast,2024-01-26,2024-01-26
1278457703: Marketing Brief | Weekly E-blast,Eblast,2024-01-26,2024-01-26
1283662856: Marketing Brief | Weekly E-blast,Eblast,2024-01-26,2024-01-26
1281870589: Marketing Brief | Campaign,Marketing Brief,2024-01-26,2024-01-26
1283667592: Marketing Brief | 2024 Families Tu Bi'Shevat Celebration social (duplicate),Marketing Brief,2024-01-29,2024-01-29
1271452219: Marketing Brief | Israeli Film Series: Matchmaking (Bachurim Tovim) Social,Marketing Brief,2024-01-31,2024-01-31
1286120968: Marketing Brief | Campaign,Marketing Brief,2024-01-31,2024-01-31
1273302532: Marketing Brief | Weekly E-blast,Eblast,2024-01-31,2024-01-31
1281116882: Marketing Brief | Weekly E-blast,Eblast,2024-02-01,2024-02-01
1278570042: GolfFit w/ Lorie SRC,Marketing Brief,2024-02-01,2024-02-01
1280998952: Mitzvah Marithon - Heart Month,Marketing Brief,2024-02-01,2024-02-01
1287298339: Marketing Brief | Weekly E-blast,Marketing Brief,2024-02-01,2024-02-01
1286099719: Marketing Brief | Weekly E-blast,Eblast,2024-02-01,2024-02-01
1289182972: Marketing Brief | Weekly E-blast,Eblast,2024-02-01,2024-02-01
1272149776: Marketing Brief | Weekly E-blast,Eblast,2024-02-02,2024-02-02
1272171806: Marketing Brief | Funny Jews social,Marketing Brief,2024-02-05,2024-02-05
1307792476: JCC Marketing Brief,Marketing Brief,2024-02-06,2024-02-06
1289177562: Marketing Brief | Weekly E-blast,Eblast,2024-02-06,2024-02-06
1287177605: Marketing Brief | Weekly E-blast,Eblast,2024-02-08,2024-02-08
1293372263: JCC Marketing Brief,Marketing Brief,2024-02-08,2024-02-08
1273305562: Marketing Brief | Weekly E-blast,Eblast,2024-02-09,2024-02-09
1273311822: Latin Dance Party,Marketing Brief,2024-02-12,2024-02-12
1282816250: Marketing Brief | CJN and PJCC present Not That Kind of Rabbi with Mark Breslin social,Marketing Brief,2024-02-13,2024-02-13
1295001157: Spring Aquatics: Get Summer Safe!,Marketing Brief,2024-02-13,2024-02-13
1296730027: Theatre post-event survey,Marketing Brief,2024-02-13,2024-02-13
1297506113: JCC Marketing Brief,Marketing Brief,2024-02-13,2024-02-13
1282814394: Marketing Brief | Weekly E-blast,Eblast,2024-02-13,2024-02-13
1298797880: Dash for Kids Promo Video,Marketing Brief,2024-02-14,2024-02-14
1296674079: Thank you and other greeting cards for admin,Marketing Brief,2024-02-19,2024-02-19
1302496596: JCC Marketing Brief,Marketing Brief,2024-02-20,2024-02-20
1282879066: Marketing Brief | Desperado social,Marketing Brief,2024-02-21,2024-02-21
1282875671: Marketing Brief | Weekly E-blast,Eblast,2024-02-21,2024-02-21
1309204696: JCC Marketing Brief,Marketing Brief,2024-02-26,2024-02-26
1304961558: JCC Gift Certificates | New Brand,Marketing Brief,2024-02-29,2024-02-29
1300577470: Nosh Cathy,Marketing Brief,2024-02-29,2024-02-29
1312098822: Donate Page updates - Miri,Marketing Brief,2024-03-06,2024-03-06
1312794003: Knowledge is power Sherri,Marketing Brief,2024-03-06,2024-03-06
1311937025: JCC Marketing Brief,Marketing Brief,2024-03-06,2024-03-06
1317339625: JCC Marketing Brief,Eblast,2024-03-12,2024-03-12
1272173625: Marketing Brief | Weekly E-blast,Eblast,2024-03-14,2024-03-14
1283682171: Marketing Brief | Talia Reese social,Marketing Brief,2024-03-14,2024-03-14
1317232912: Dash Poster Miri,Marketing Brief,2024-03-14,2024-03-14
1322860855: JCC Marketing Brief,Eblast,2024-03-19,2024-03-19
1299743588: JCC Marketing Brief,Marketing Brief,2024-03-20,2024-03-20
1266813904: Marketing Brief | Weekly E-blast,Eblast,2024-03-20,2024-03-20
1282825265: Marketing Brief | Weekly E-blast,Eblast,2024-03-22,2024-03-22
1282828390: Marketing Brief | New Orleans Purim Party social,Marketing Brief,2024-03-25,2024-03-25
1325270551: JCC Marketing Brief,Marketing Brief,2024-03-25,2024-03-25
1328541437: JCC Marketing Brief,Eblast,2024-03-27,2024-03-27
1283669766: Marketing Brief | Weekly E-blast,Eblast,2024-03-28,2024-03-28
1283673936: Marketing Brief | Healthy Nosh with Micah Siva: Moderated by Lauren Levy social,Marketing Brief,2024-03-28,2024-03-28
1314601800: JCC Marketing Brief,Marketing Brief,2024-03-28,2024-03-28
1322820463: Children's Fund - Miri,Marketing Brief,2024-03-29,2024-03-29
1329848275: Golf Sponsorship Deck,Marketing Brief,2024-04-01,2024-04-01
1330956075: Paid Ads - Alexis,Marketing Brief,2024-04-01,2024-04-01
1326336627: Printing Business Cards,Marketing Brief,2024-04-01,2024-04-01
1269952889: Marketing Brief | J Rikudiyah 2024,Marketing Brief,2024-04-04,2024-04-04
1339486470: SRC | Replacement Board for FitStart,Marketing Brief,2024-04-11,2024-04-11
1329374121: Room Enhancements - Rachel,Marketing Brief,2024-04-15,2024-04-15
1329374749: Swag Board members - Rachel,Marketing Brief,2024-04-15,2024-04-15
1333690228: SG Fog glass (Kevin's office),Marketing Brief,2024-04-16,2024-04-16
1336961071: Apparel Designs for JCC Maccabi Games,Marketing Brief,2024-04-16,2024-04-16
1341003765: JCC Marketing Brief,Marketing Brief,2024-04-16,2024-04-16
1338429217: JCC Marketing Brief,Marketing Brief,2024-04-17,2024-04-17
1338542042: JCC Marketing Brief,Marketing Brief,2024-04-17,2024-04-17
1339199275: Housing for ShinShinim,Marketing Brief,2024-04-17,2024-04-17
1338548129: Canada – Israel Conference Brochure,Marketing Brief,2024-04-18,2024-04-18
1341741774: JCC Marketing Brief,Marketing Brief,2024-04-22,2024-04-22
1331624976: OTF Grant - Fitness adapted equipment,Marketing Brief,2024-04-24,2024-04-24
1343433840: JCC Marketing Brief,Marketing Brief,2024-05-01,2024-05-01
1356781060: JCC Marketing Brief,Marketing Brief,2024-05-02,2024-05-02
1356685236: JCC Marketing Brief,Marketing Brief,2024-05-06,2024-05-06
1360521668: JCC Marketing Brief,Marketing Brief,2024-05-06,2024-05-06
SAVE THE DATE Canada-Israel Technology & Innovation Conference in Toronto,Marketing Brief,2024-05-06,2024-05-06
1362809553: JCC Marketing Brief,Marketing Brief,2024-05-08,2024-05-08
1336171519: Branding Gymsales,Marketing Brief,2024-05-14,2024-05-14
1363087876: Sandwich board for Marnie,Marketing Brief,2024-05-14,2024-05-14
Board Golf Ad,Marketing Brief,2024-05-15,2024-05-24
1363735356: JCC Marketing Brief,Marketing Brief,2024-05-15,2024-05-15
1344981130: PJCC Fitness Summer Campaign,Marketing Brief,2024-05-15,2024-05-15
1359894750: SRC Fitness Summer Campaign | SRC Paid ads - Alexis,Marketing Brief,2024-05-15,2024-05-15
1363730912: JCC Marketing Brief,Marketing Brief,2024-05-15,2024-05-15
1366057895: PT Monitor Asset Update,Marketing Brief,2024-05-16,2024-05-16
1367826971: JCC Maccabi Jersey Update,Marketing Brief,2024-05-16,2024-05-16
1366258954: Canada-Israel Tech. & Innov. Conference Thank Yous,Marketing Brief,2024-05-21,2024-05-21
1371073762: Pickleball Schedule Change Test Email,Marketing Brief,2024-05-23,2024-05-23
1366412695: Lag Baomer/Associated HS Partnership,Marketing Brief,2024-05-24,2024-05-24
1372058648: Marnie Social Contest Film,Marketing Brief,2024-05-24,2024-05-24
1370185561: Marnie Banner,Marketing Brief,2024-05-24,2024-05-24
1366412695: Lag Baomer/Associated HS Partnership,Marketing Brief,2024-05-24,2024-05-24
1366173555: JCC Marketing Brief,Marketing Brief,2024-05-28,2024-05-28
1365269969: Thank You Donor Cards Update,Marketing Brief,2024-05-31,2024-05-31
Staff Lunch slide Show,Marketing Brief,2024-05-31,2024-05-31
1321617299: Reena Art Catalogue - Karina,Marketing Brief,2024-06-03,2024-06-03
1366991985: JCC Sports Gym Banners,Marketing Brief,2024-06-03,2024-06-03
1372923179: SRC Private Boxing Promo,Marketing Brief,2024-06-04,2024-06-04
1375323857: Community Corner,Marketing Brief,2024-06-06,2024-06-06
1375323857: Community Corner,Eblast,2024-06-06,2024-06-06
1376753634: Miri - Send a Kid to Camp Email,Marketing Brief,2024-06-07,2024-06-07
1379594606: JCC Marketing Brief,Marketing Brief,2024-06-07,2024-06-07
1378814652: PJCC Aquatics Schedule,Marketing Brief,2024-06-10,2024-06-10
1366021249: Membership Monitors,Marketing Brief,2024-06-11,2024-06-11
1367151798: JCC Marketing Brief,Marketing Brief,2024-06-17,2024-06-17
1380258235: Spark Summer,Marketing Brief,2024-06-17,2024-06-17
1345099761: SRC Gym Scehdules Update,Marketing Brief,2024-06-21,2024-06-21
1385316986: Children's Fund Materials for Dash,Marketing Brief,2024-06-21,2024-06-21
1383059796: Women's Changeroom Frame,Marketing Brief,2024-06-25,2024-06-25
1383078989: Parking Lot Capacity Signage,Marketing Brief,2024-06-25,2024-06-25
1385098207: PT Promo Dedicated Email,Marketing Brief,2024-06-27,2024-06-27
1410393288: JCC Marketing Brief,Marketing Brief,2024-06-28,2024-06-28
1384668094: Updated Personal Training Cards (Price Change),Marketing Brief,2024-07-01,2024-07-01
1419793563: JCC Marketing Brief,Marketing Brief,2024-07-01,2024-07-01
1437067733: JCC Marketing Brief,Marketing Brief,2024-07-08,2024-07-08
1437075489: JCC Marketing Brief,Marketing Brief,2024-07-11,2024-07-11
1422436479: Membership Sales Promotion,Marketing Brief,2024-07-15,2024-08-15
1455224956: JCC Marketing Brief,Marketing Brief,2024-07-19,2024-07-19
1448255353: Mitzvah Club -> Mitzvah Makers (JCC Brand),Marketing Brief,2024-07-22,2024-07-22
1458597442: JCC Marketing Brief,Marketing Brief,2024-07-29,2024-07-29
1460017268: Speaking for Israel From Rabin to Netanyahu,Marketing Brief,2024-07-29,2024-07-29
1460047986: Post-War Reflections Yaron Dekel,Marketing Brief,2024-07-29,2024-07-29
1458725432: JCC Marketing Brief,Marketing Brief,2024-07-29,2024-07-29
1463542935: Resilience & Leadership: Navigating Challenges as a Jewish HR Professional,Eblast,2024-07-31,2024-07-31
1463542935: Resilience & Leadership: Navigating Challenges as a Jewish HR Professional,Marketing Brief,2024-07-31,2024-07-31
1458864148: Programs Fall Registration Launch,Marketing Brief,2024-08-01,2024-08-01
Warriors Fall Registration,Expected Marketing Need,2024-08-01,2024-09-30
Reel: Registration Opens,Social,2024-08-01,2024-08-01
1458851539: Programs Fall Registration Launch,Marketing Brief,2024-08-01,2024-08-01
1458854220: Programs Fall Registration Launch,Marketing Brief,2024-08-01,2024-08-01
1448942410: Fitness Fall 2024 Brief,Marketing Brief,2024-08-01,2024-08-01
1457019137: Programs Fall Registration Launch,Marketing Brief,2024-08-01,2024-08-01
1456816284: Programs Fall Registration Launch,Marketing Brief,2024-08-01,2024-08-01
1450079480: Fall Session Spark Promotion,Marketing Brief,2024-08-01,2024-08-01
1462365754: JCC Marketing Brief,Marketing Brief,2024-08-05,2024-08-05
Reel: All Summer Series Promo,Social,2024-08-06,2024-08-06
Super-Set Sunday: Mega Bootcamp and Time for Zumba!,Social,2024-08-07,2024-08-07
1460343517: Supplemetary School Dedicated Email,Marketing Brief,2024-08-09,2024-08-09
1464441888: Supplementary School Dedicated Email,Marketing Brief,2024-08-09,2024-08-09
1452266779: Warriors House League BBall,Marketing Brief,2024-08-12,2024-08-12
1452266779: Warriors House League BBall,Eblast,2024-08-12,2024-08-12
JCC Israeli Experience Promo,Social,2024-08-12,2024-08-12
1467457724: JCC Marketing Brief,Marketing Brief,2024-08-12,2024-08-12
1470843554: JCC Marketing Brief,Marketing Brief,2024-08-13,2024-08-13
1470831078: JCC Marketing Brief,Marketing Brief,2024-08-14,2024-08-14
Super-Set Sunday: Mega Bootcamp and Time for Zumba!,Social,2024-08-14,2024-08-14
1471488370: JCC Marketing Brief,Marketing Brief,2024-08-15,2024-08-15
1468053882: JCC Marketing Brief,Marketing Brief,2024-08-15,2024-08-15
Spark Promo,Social,2024-08-16,2024-08-16
SRC Event: Bootcamp + Zumba,Social,2024-08-18,2024-08-18
1468383046: Super-Set Sunday: Mega Bootcamp and Time for Zumba!,Marketing Brief,2024-08-19,2024-08-19
Fall registration all program promo starting Sept 26,Social,2024-08-20,2024-08-20
1474181680: Pickleball Court Signs,Marketing Brief,2024-08-21,2024-08-21
1470841200: JCC Marketing Brief,Marketing Brief,2024-08-21,2024-08-21
Israeli exp recap + Next event Bootcamp promo,Social,2024-08-22,2024-08-22
Swimming Group Lessons,Social,2024-08-26,2024-08-26
1477913428: Israeli Experience Photography,Marketing Brief,2024-08-26,2024-08-26
inspired Art promo,Social,2024-08-27,2024-08-27
Kid's Karate Promo,Social,2024-08-28,2024-08-28
Boxing Promo - Highlight Private lessons,Social,2024-08-29,2024-08-29
1481168593: Any Dream Will Do - Custom/Target Email,Marketing Brief,2024-08-30,2024-08-30
1482233907: Am Israel Chai,Marketing Brief,2024-08-30,2024-08-30
JCC Sports/Warriors Season Begins,Expected Marketing Need,2024-09-01,2024-09-01
1436918241: Fall 2024 Season Theatre Guide,Marketing Brief,2024-09-02,2024-09-02
Bootcamp event Static Post + Sponsors,Social,2024-09-03,2024-09-03
1482232415: Relationships in Times of Crises,Marketing Brief,2024-09-03,2024-09-03
1474795299: Pickleball Schedule Update,Marketing Brief,2024-09-04,2024-09-04
My Little Picasso promo,Social,2024-09-04,2024-09-04
1482828691: Savoring Israel Deck,Marketing Brief,2024-09-05,2024-09-05
Punch Back Parkinson Promo,Social,2024-09-05,2024-09-05
1484531471: JCC Marketing Brief,Marketing Brief,2024-09-06,2024-09-06
"Post - ""1 week until programs start""",Social,2024-09-09,2024-09-09
1487011017: JCC Marketing Brief,Eblast,2024-09-09,2024-09-09
1486949352: JCC Marketing Brief,Marketing Brief,2024-09-09,2024-09-09
1474910988: JCC Marketing Brief,Marketing Brief,2024-09-09,2024-09-09
1487684744: JCC Marketing Brief,Marketing Brief,2024-09-09,2024-09-09
Guided Meditation Promo,Social,2024-09-10,2024-09-10
Swim Development or Master Swim. Choose what you want Future Cal,Social,2024-09-11,2024-09-11
Development Fundraising Blackout,Expected Marketing Need,2024-09-11,2024-12-25
1489374378: JCC Marketing Brief,Marketing Brief,2024-09-13,2024-09-13
Programs Start,Social,2024-09-16,2024-09-22
1492003783: JCC Marketing Brief,Marketing Brief,2024-09-17,2024-09-17
1492003783: JCC Marketing Brief,Eblast,2024-09-17,2024-09-17
Pool Maintenance Closures,Expected Marketing Need,2024-09-20,2024-09-26
1494829797: Theatre Ads - Gillian for Calin,Marketing Brief,2024-09-20,2024-09-20
1495597075: JCC Marketing Brief,Marketing Brief,2024-09-23,2024-09-23
Daycare Calendar - Nadia SRC,Marketing Brief,2024-09-24,2024-09-24
1495749420: JCC Marketing Brief,Marketing Brief,2024-09-26,2024-09-26
1495749420: JCC Marketing Brief,Eblast,2024-09-26,2024-09-26
1501811383: JCC Marketing Brief,Marketing Brief,2024-09-30,2024-09-30
1500806476: JCC Marketing Brief,Marketing Brief,2024-09-30,2024-09-30
1488825078: Welcome Package Folder,Marketing Brief,2024-09-30,2024-09-30
1499707595: JCC Marketing Brief,Marketing Brief,2024-09-30,2024-09-30
1502781910: JCC Marketing Brief,Marketing Brief,2024-10-01,2024-10-01
1501428972: JCC Sports Roll Up Banner Oct 31,Marketing Brief,2024-10-01,2024-10-01
Holocaust Education Week,Expected Marketing Need,2024-10-01,2024-10-31
1459988971: In person with Dr. Liat Yakir. Relationships in Times of Crisis,Marketing Brief,2024-10-01,2024-10-01
1482241323: Jewish Calendar Dates for Social,Marketing Brief,2024-10-02,2025-10-01
Rosh Hashanah,Expected Marketing Need,2024-10-02,2024-10-04
1520512117: Siegal - Kabbalat Shabbat for Israeli families,Marketing Brief,2024-10-03,2024-10-03
October 7 Events,Expected Marketing Need,2024-10-07,2024-10-07
1456283364: 2024 Dash Community Run Recap Video,Marketing Brief,2024-10-11,2024-10-11
Yom Kippur,Expected Marketing Need,2024-10-11,2024-10-12
Centre Camp Early Bird Registration,Expected Marketing Need,2024-10-14,2024-11-30
1510047621: JCC Marketing Brief,Marketing Brief,2024-10-15,2024-10-15
Sukkot,Expected Marketing Need,2024-10-16,2024-10-23
1514341471: JCC Marketing Brief,Marketing Brief,2024-10-22,2024-10-22
Shemini Atzeret & Simchat Torah,Expected Marketing Need,2024-10-23,2024-10-25
1516819793: JCC Marketing Brief,Marketing Brief,2024-10-24,2024-10-24
1513669231: Talia - Stories From Brink by Iris Bahr,Marketing Brief,2024-10-28,2024-10-28
1520504463: Siegal - Danny Bassan Concert,Marketing Brief,2024-10-29,2024-10-29
1500921930: Golf Simulator,Marketing Brief,2024-10-31,2024-10-31
1508471555: JCC Marketing Brief,Marketing Brief,2024-11-01,2024-11-01
1460025216: Israel's Post-October 7 Playlist,Marketing Brief,2024-11-07,2024-11-07
1526218720: JCC Marketing Brief,Marketing Brief,2024-11-08,2024-11-08
1525239022: JCC Marketing Brief,Marketing Brief,2024-11-08,2024-11-08
1520526720: Siegal - Gili is Coming to Visit,Marketing Brief,2024-11-08,2024-11-08
1527202899: JCC Marketing Brief,Marketing Brief,2024-11-11,2024-11-11
1524415283: Maya - Centre Camp social video to assist Regsitration,Marketing Brief,2024-11-12,2024-11-12
1521937415: member handbook landing page,Marketing Brief,2024-11-14,2024-11-14
1460036651: Gili Came to Visit גילי בא לבקר,Marketing Brief,2024-11-17,2024-11-17
1529126930: Tamir Goodman JCC Sports,Eblast,2024-11-18,2024-11-18
1529126930: Tamir Goodman JCC Sports,Marketing Brief,2024-11-18,2024-11-18
1530028528: JCC Marketing Brief,Marketing Brief,2024-11-21,2024-11-21
1525386225: Fitness Winter Brief,Marketing Brief,2024-11-22,2024-11-22
1538028289: JCC Marketing Brief,Marketing Brief,2024-11-25,2024-11-25
1536159414: JCC Marketing Brief,Marketing Brief,2024-11-25,2024-11-25
1536276809: Maccabi Tryout Promo - David Katzman,Marketing Brief,2024-11-26,2024-11-26
1531906332: JCC Marketing Brief,Marketing Brief,2024-11-27,2024-11-27
1531902461: JCC Marketing Brief,Marketing Brief,2024-11-27,2024-11-27
1531897475: JCC Marketing Brief,Marketing Brief,2024-11-27,2024-11-27
1531892781: JCC Marketing Brief,Marketing Brief,2024-11-27,2024-11-27
1531910545: JCC Marketing Brief,Marketing Brief,2024-11-27,2024-11-27
1531916376: JCC Marketing Brief,Marketing Brief,2024-11-27,2024-11-27
1531912762: JCC Marketing Brief,Marketing Brief,2024-11-27,2024-11-27
Staff Holiday Party,Expected Marketing Need,2024-12-01,2024-12-31
Winter Personal Training Promotion,Expected Marketing Need,2024-12-01,2024-12-15
1532004179: Cathy - Spin the Dreidel,Marketing Brief,2024-12-02,2024-12-02
Annual General Meeting,Expected Marketing Need,2024-12-03,2024-12-04
1540991316: JCC Marketing Brief,Marketing Brief,2024-12-04,2024-12-04
1540949080: JCC Marketing Brief,Marketing Brief,2024-12-05,2024-12-05
1538884537: JCC Marketing Brief,Marketing Brief,2024-12-06,2024-12-06
1527728307: HR - Onboarding Video,Marketing Brief,2024-12-09,2024-12-09
1544667987: JCC Marketing Brief,Marketing Brief,2024-12-11,2024-12-11
1539655445: JCC Community Campaign - Recover and Rebuild Fund | Winter Development Fundraising Campaign,Marketing Brief,2024-12-13,2024-12-16
1561849376: JCC Marketing Brief,Marketing Brief,2024-12-18,2024-12-18
1561924094: JCC Marketing Brief,Marketing Brief,2024-12-19,2024-12-19
1556382300: JCC Marketing Brief,Marketing Brief,2024-12-19,2024-12-19
1544408153: JCC Marketing Brief,Marketing Brief,2024-12-19,2024-12-19
Chanukah,Expected Marketing Need,2024-12-25,2025-01-02
1565735626: Morning Movies - Delayed: Waiting on new info,Marketing Brief,2024-12-30,2024-12-30
Bell Let's Talk,Expected Marketing Need,2025-01-01,2025-01-31
Camp Staffing Push,Expected Marketing Need,2025-01-01,2025-01-31
1531922081: JCC Marketing Brief,Marketing Brief,2025-01-01,2025-01-01
Camp Registration Push,Expected Marketing Need,2025-01-01,2025-01-31
1573152320: JCC Marketing Brief,Eblast,2025-01-10,2025-01-10
1570493954: JCC Marketing Brief,Marketing Brief,2025-01-10,2025-01-10
JCC Sports Winter/Spring HL Basketball Registration Promotion,Marketing Brief,2025-01-13,2025-01-13
1569718788: JCC Marketing Brief,Marketing Brief,2025-01-14,2025-01-14
1574450336: JCC Marketing Brief,Marketing Brief,2025-01-14,2025-01-14
Purimpalooza,Marketing Brief,2025-01-14,2025-01-14
1569718788: JCC Marketing Brief,Eblast,2025-01-14,2025-01-14
1576521553: JCC Marketing Brief,Marketing Brief,2025-01-15,2025-01-15
1576521553: JCC Marketing Brief,Eblast,2025-01-15,2025-01-15
1575944554: JCC Marketing Brief,Marketing Brief,2025-01-17,2025-01-17
Access Games - Mark Goldberg,Marketing Brief,2025-01-20,2025-01-20
1577673829: Hyrox Promo,Marketing Brief,2025-01-21,2025-01-21
1580371054: JCC Marketing Brief,Marketing Brief,2025-01-28,2025-01-28
1580215165: JCC Marketing Brief,Marketing Brief,2025-01-28,2025-01-28
Black History Month,Expected Marketing Need,2025-02-01,2025-02-28
1582475393: JCC Marketing Brief,Marketing Brief,2025-02-04,2025-02-04
1585757133: JCC Marketing Brief,Marketing Brief,2025-02-04,2025-02-04
1586233530: JCC Marketing Brief,Marketing Brief,2025-02-06,2025-02-06
1589892023: JCC Marketing Brief,Marketing Brief,2025-02-07,2025-02-07
SRC Rowing Challenge Reel,Social,2025-02-10,2025-02-10
Centre Camp Hype Video 4,Social,2025-02-11,2025-02-11
Try these exercises 4 - thomas,Social,2025-02-12,2025-02-12
Tu BiShvat,Expected Marketing Need,2025-02-12,2025-02-13
1591834886: JCC Marketing Brief,Marketing Brief,2025-02-12,2025-02-12
Shabbat Post - Michelle + Dad,Social,2025-02-14,2025-02-14
Power in Parenting Water Babies,Social,2025-02-16,2025-02-16
1595587713: JCC Marketing Brief,Marketing Brief,2025-02-18,2025-02-18
Centre Camp Staff Recruitment,Social,2025-02-19,2025-02-19
Try these exercises 5 - Julia,Social,2025-02-20,2025-02-20
Shabbat Post,Social,2025-02-21,2025-02-21
PJCC Shabbat Schmooze (Member),Member Engage,2025-02-21,2025-02-21
1590623051: JCC Marketing Brief,Marketing Brief,2025-02-25,2025-02-25
Centre Camp Hype Video 5,Social,2025-02-26,2025-02-26
Try these exercises 6 - Thomas,Social,2025-02-27,2025-02-27
1460056862: Technology & Innovation Conference,Marketing Brief,2025-02-27,2025-02-27
PJCC Shabbat Schmooze (Member),Member Engage,2025-02-28,2025-02-28
Shabbat Post,Social,2025-02-28,2025-02-28
Centre Camp Staff Recruitment,Social,2025-03-05,2025-03-05
Try these exercises 7 - ????,Social,2025-03-06,2025-03-06
Shabbat Post,Social,2025-03-07,2025-03-07
Member Engagement Camp Promotion,Member Engage,2025-03-07,2025-03-07
PJCC Shabbat Schmooze (Member),Member Engage,2025-03-07,2025-03-07
SRC Purim Palooza,Expected Marketing Need,2025-03-09,2025-03-09
March Break,Expected Marketing Need,2025-03-10,2025-03-14
SRC Purim Group Ex Dress Up,Member Engage,2025-03-13,2025-03-13
Purim,Expected Marketing Need,2025-03-13,2025-03-14
PJCC Purim Dress Up,Member Engage,2025-03-14,2025-03-14
PJCC Shinshinim Hamentaschen,Member Engage,2025-03-14,2025-03-14
PJCC Shabbat Schmooze (Member),Member Engage,2025-03-14,2025-03-14
Shabbat Post,Social,2025-03-14,2025-03-14
Purim,Member Engage,2025-03-14,2025-03-15
PJCC Shabbat Schmooze (Member),Member Engage,2025-03-21,2025-03-21
Shabbat Post,Social,2025-03-21,2025-03-21
PJCC Shabbat Schmooze (Member),Member Engage,2025-03-28,2025-03-28
Raise Days - Send a Kid to Camp,Expected Marketing Need,2025-04-01,2025-04-30
Rikudiyah,Expected Marketing Need,2025-04-01,2025-04-30
PJCC Shabbat Schmooze (Member),Member Engage,2025-04-04,2025-04-04
PJCC Shabbat Schmooze (Member),Member Engage,2025-04-11,2025-04-11
Passover,Expected Marketing Need,2025-04-12,2025-04-20
Passover Afikomen Hunt,Member Engage,2025-04-13,2025-04-18
PJCC Shabbat Schmooze (Member),Member Engage,2025-04-18,2025-04-18
PJCC Shabbat Schmooze (Member),Member Engage,2025-04-25,2025-04-25
Yom Ha'atzmaut,Expected Marketing Need,2025-04-30,2025-05-01
Yom Ha'atzmaut Falafel w Shinshiniot,Member Engage,2025-05-01,2025-05-01
Walk with Israel,Expected Marketing Need,2025-05-01,2025-05-31
Mental Health Month,Expected Marketing Need,2025-05-01,2025-05-31
JCC Sports Banquets,Expected Marketing Need,2025-05-01,2025-05-31
PJCC Shabbat Schmooze (Member),Member Engage,2025-05-02,2025-05-02
PJCC Shabbat Schmooze (Member),Member Engage,2025-05-09,2025-05-09
Lag BaOmer,Expected Marketing Need,2025-05-15,2025-05-16
PJCC Shabbat Schmooze (Member),Member Engage,2025-05-16,2025-05-16
PJCC Shabbat Schmooze (Member),Member Engage,2025-05-23,2025-05-23
PJCC Shabbat Schmooze (Member),Member Engage,2025-05-30,2025-05-30
Pride Month,Expected Marketing Need,2025-06-01,2025-06-30
Shavuot,Expected Marketing Need,2025-06-01,2025-06-03
Counting the Omer,Expected Marketing Need,2025-06-01,2025-07-30
Shavuot Cheesecake,Member Engage,2025-06-01,2025-06-01
PJCC Mini-Golf Engagement,Member Engage,2025-06-04,2025-06-11
PJCC Shabbat Schmooze (Member),Member Engage,2025-06-06,2025-06-06
PJCC Shabbat Schmooze (Member),Member Engage,2025-06-13,2025-06-13
PJCC Shabbat Schmooze (Member),Member Engage,2025-06-20,2025-06-20
PJCC Shabbat Schmooze (Member),Member Engage,2025-06-27,2025-06-27
JCC Golf Classic,Expected Marketing Need,2025-07-01,2025-07-31
Personal Training Promotion,Expected Marketing Need,2025-07-01,2025-07-15
PJCC Shabbat Schmooze (Member),Member Engage,2025-07-04,2025-07-04
PJCC Shabbat Schmooze (Member),Member Engage,2025-07-11,2025-07-11
Dash for Kids,Expected Marketing Need,2025-07-13,2025-07-20
PJCC Shabbat Schmooze (Member),Member Engage,2025-07-18,2025-07-18
PJCC Shabbat Schmooze (Member),Member Engage,2025-07-25,2025-07-25
PJCC Shabbat Schmooze (Member),Member Engage,2025-08-01,2025-08-01
PJCC Shabbat Schmooze (Member),Member Engage,2025-08-08,2025-08-08
PJCC Shabbat Schmooze (Member),Member Engage,2025-08-15,2025-08-15
PJCC Shabbat Schmooze (Member),Member Engage,2025-08-22,2025-08-22
PJCC Shabbat Schmooze (Member),Member Engage,2025-08-29,2025-08-29
PJCC Shabbat Schmooze (Member),Member Engage,2025-09-05,2025-09-05
PJCC Shabbat Schmooze (Member),Member Engage,2025-09-12,2025-09-12
PJCC Shabbat Schmooze (Member),Member Engage,2025-09-19,2025-09-19
PJCC Shabbat Schmooze (Member),Member Engage,2025-09-26,2025-09-26
PJCC Shabbat Schmooze (Member),Member Engage,2025-10-03,2025-10-03
PJCC Shabbat Schmooze (Member),Member Engage,2025-10-10,2025-10-10
PJCC Shabbat Schmooze (Member),Member Engage,2025-10-17,2025-10-17
PJCC Shabbat Schmooze (Member),Member Engage,2025-10-24,2025-10-24
PJCC Shabbat Schmooze (Member),Member Engage,2025-10-31,2025-10-31
PJCC Shabbat Schmooze (Member),Member Engage,2025-11-07,2025-11-07
PJCC Shabbat Schmooze (Member),Member Engage,2025-11-14,2025-11-14
PJCC Shabbat Schmooze (Member),Member Engage,2025-11-21,2025-11-21
PJCC Shabbat Schmooze (Member),Member Engage,2025-11-28,2025-11-28
PJCC Shabbat Schmooze (Member),Member Engage,2025-12-05,2025-12-05
PJCC Shabbat Schmooze (Member),Member Engage,2025-12-12,2025-12-12
PJCC Shabbat Schmooze (Member),Member Engage,2025-12-19,2025-12-19
PJCC Shabbat Schmooze (Member),Member Engage,2025-12-26,2025-12-26
New Years Day,Expected Marketing Need,,2025-01-01
Valentine's Day,Expected Marketing Need,,2025-02-14
Family Day,Expected Marketing Need,,2025-02-17
Spring Program Registration,Expected Marketing Need,,2025-03-03
Spring Program Registration,Expected Marketing Need,,2025-03-03
Spring Program Registration,Expected Marketing Need,,2025-03-03
International Women's Day,Expected Marketing Need,,2025-03-08
Centre Camp | 100 Days to Camp,Expected Marketing Need,,2025-03-24
Supplementary School Registration Opens,Expected Marketing Need,,2025-05-01
Mother's day,Expected Marketing Need,,2025-05-11
Yom Hashoah,Expected Marketing Need,,2025-04-24
Yom Hazikaron,Expected Marketing Need,,2025-04-30
Development - Day of Giving,Expected Marketing Need,,2025-05-09
Summer Registration Launch,Expected Marketing Need,,2025-05-12
Summer Registration Launch,Expected Marketing Need,,2025-05-12
Summer Registration Launch,Expected Marketing Need,,2025-05-12
Summer Staff Party,Expected Marketing Need,,2025-06-13
Outdoor Pool Opens,Expected Marketing Need,,2025-06-19
Father's Day,Expected Marketing Need,,2025-06-15
Canada Day,Expected Marketing Need,,2025-07-01
Beginning of Centre Camp,Expected Marketing Need,,2025-07-02
Fall Program Registration,Expected Marketing Need,,2024-08-01
Fall Program Registration,Expected Marketing Need,,2024-08-01
Fall Program Registration,Expected Marketing Need,,2024-08-01
Centre Camp Ends,Expected Marketing Need,,2024-08-23
Shinshinim Arrive,Expected Marketing Need,,2024-08-01
Back to School,Expected Marketing Need,,2024-09-03
Rememberance Day,Expected Marketing Need,,2024-11-11
Thanksgiving,Expected Marketing Need,,2024-10-14
Winter Program Registration,Expected Marketing Need,,2024-11-07
Winter Program Registration,Expected Marketing Need,,2024-11-07
Winter Program Registration,Expected Marketing Need,,2024-11-07